decade,value,count
-3500,Culture,
-3490,Culture,
-3480,Culture,
-3470,Culture,
-3460,Culture,
-3450,Culture,
-3440,Culture,
-3430,Culture,
-3420,Culture,
-3410,Culture,
-3400,Culture,
-3390,Culture,
-3380,Culture,
-3370,Culture,
-3360,Culture,
-3350,Culture,
-3340,Culture,
-3330,Culture,
-3320,Culture,
-3310,Culture,
-3300,Culture,
-3290,Culture,
-3280,Culture,
-3270,Culture,
-3260,Culture,
-3250,Culture,
-3240,Culture,
-3230,Culture,
-3220,Culture,
-3210,Culture,
-3200,Culture,
-3190,Culture,
-3180,Culture,
-3170,Culture,
-3160,Culture,
-3150,Culture,
-3140,Culture,
-3130,Culture,
-3120,Culture,
-3110,Culture,
-3100,Culture,
-3090,Culture,
-3080,Culture,
-3070,Culture,
-3060,Culture,
-3050,Culture,
-3040,Culture,
-3030,Culture,
-3020,Culture,
-3010,Culture,
-3000,Culture,
-2990,Culture,
-2980,Culture,
-2970,Culture,
-2960,Culture,
-2950,Culture,
-2940,Culture,
-2930,Culture,
-2920,Culture,
-2910,Culture,
-2900,Culture,
-2890,Culture,
-2880,Culture,
-2870,Culture,
-2860,Culture,
-2850,Culture,
-2840,Culture,
-2830,Culture,
-2820,Culture,
-2810,Culture,
-2800,Culture,
-2790,Culture,
-2780,Culture,
-2770,Culture,
-2760,Culture,
-2750,Culture,
-2740,Culture,
-2730,Culture,
-2720,Culture,
-2710,Culture,
-2700,Culture,
-2690,Culture,
-2680,Culture,
-2670,Culture,
-2660,Culture,
-2650,Culture,
-2640,Culture,
-2630,Culture,
-2620,Culture,
-2610,Culture,
-2600,Culture,
-2590,Culture,
-2580,Culture,
-2570,Culture,
-2560,Culture,
-2550,Culture,
-2540,Culture,
-2530,Culture,
-2520,Culture,
-2510,Culture,
-2500,Culture,
-2490,Culture,
-2480,Culture,
-2470,Culture,
-2460,Culture,
-2450,Culture,
-2440,Culture,
-2430,Culture,
-2420,Culture,
-2410,Culture,
-2400,Culture,
-2390,Culture,
-2380,Culture,
-2370,Culture,
-2360,Culture,
-2350,Culture,
-2340,Culture,
-2330,Culture,
-2320,Culture,
-2310,Culture,
-2300,Culture,1
-2290,Culture,1
-2280,Culture,1
-2270,Culture,1
-2260,Culture,1
-2250,Culture,1
-2240,Culture,1
-2230,Culture,1
-2220,Culture,1
-2210,Culture,1
-2200,Culture,1
-2190,Culture,1
-2180,Culture,1
-2170,Culture,1
-2160,Culture,1
-2150,Culture,1
-2140,Culture,1
-2130,Culture,1
-2120,Culture,2
-2110,Culture,2
-2100,Culture,2
-2090,Culture,2
-2080,Culture,2
-2070,Culture,2
-2060,Culture,2
-2050,Culture,2
-2040,Culture,2
-2030,Culture,2
-2020,Culture,2
-2010,Culture,2
-2000,Culture,2
-1990,Culture,2
-1980,Culture,2
-1970,Culture,2
-1960,Culture,2
-1950,Culture,2
-1940,Culture,2
-1930,Culture,2
-1920,Culture,2
-1910,Culture,2
-1900,Culture,2
-1890,Culture,2
-1880,Culture,2
-1870,Culture,2
-1860,Culture,2
-1850,Culture,2
-1840,Culture,2
-1830,Culture,2
-1820,Culture,2
-1810,Culture,2
-1800,Culture,2
-1790,Culture,2
-1780,Culture,2
-1770,Culture,2
-1760,Culture,2
-1750,Culture,2
-1740,Culture,2
-1730,Culture,2
-1720,Culture,2
-1710,Culture,2
-1700,Culture,2
-1690,Culture,2
-1680,Culture,2
-1670,Culture,2
-1660,Culture,2
-1650,Culture,2
-1640,Culture,2
-1630,Culture,2
-1620,Culture,2
-1610,Culture,2
-1600,Culture,2
-1590,Culture,2
-1580,Culture,2
-1570,Culture,2
-1560,Culture,2
-1550,Culture,2
-1540,Culture,2
-1530,Culture,2
-1520,Culture,2
-1510,Culture,2
-1500,Culture,2
-1490,Culture,2
-1480,Culture,2
-1470,Culture,2
-1460,Culture,2
-1450,Culture,2
-1440,Culture,2
-1430,Culture,2
-1420,Culture,2
-1410,Culture,2
-1400,Culture,2
-1390,Culture,2
-1380,Culture,2
-1370,Culture,2
-1360,Culture,2
-1350,Culture,2
-1340,Culture,2
-1330,Culture,2
-1320,Culture,2
-1310,Culture,2
-1300,Culture,2
-1290,Culture,2
-1280,Culture,2
-1270,Culture,2
-1260,Culture,2
-1250,Culture,2
-1240,Culture,2
-1230,Culture,2
-1220,Culture,2
-1210,Culture,2
-1200,Culture,2
-1190,Culture,2
-1180,Culture,2
-1170,Culture,2
-1160,Culture,2
-1150,Culture,2
-1140,Culture,2
-1130,Culture,2
-1120,Culture,2
-1110,Culture,2
-1100,Culture,2
-1090,Culture,2
-1080,Culture,2
-1070,Culture,2
-1060,Culture,2
-1050,Culture,2
-1040,Culture,2
-1030,Culture,2
-1020,Culture,2
-1010,Culture,2
-1000,Culture,2
-990,Culture,2
-980,Culture,2
-970,Culture,2
-960,Culture,2
-950,Culture,3
-940,Culture,3
-930,Culture,3
-920,Culture,3
-910,Culture,3
-900,Culture,3
-890,Culture,3
-880,Culture,3
-870,Culture,2
-860,Culture,2
-850,Culture,3
-840,Culture,3
-830,Culture,3
-820,Culture,3
-810,Culture,3
-800,Culture,4
-790,Culture,3
-780,Culture,3
-770,Culture,3
-760,Culture,3
-750,Culture,4
-740,Culture,4
-730,Culture,4
-720,Culture,5
-710,Culture,5
-700,Culture,6
-690,Culture,6
-680,Culture,6
-670,Culture,7
-660,Culture,7
-650,Culture,7
-640,Culture,7
-630,Culture,8
-620,Culture,9
-610,Culture,9
-600,Culture,15
-590,Culture,15
-580,Culture,16
-570,Culture,20
-560,Culture,22
-550,Culture,22
-540,Culture,22
-530,Culture,27
-520,Culture,29
-510,Culture,29
-500,Culture,45
-490,Culture,47
-480,Culture,49
-470,Culture,52
-460,Culture,49
-450,Culture,52
-440,Culture,51
-430,Culture,49
-420,Culture,47
-410,Culture,43
-400,Culture,49
-390,Culture,51
-380,Culture,52
-370,Culture,51
-360,Culture,52
-350,Culture,53
-340,Culture,51
-330,Culture,52
-320,Culture,56
-310,Culture,58
-300,Culture,70
-290,Culture,68
-280,Culture,70
-270,Culture,69
-260,Culture,65
-250,Culture,63
-240,Culture,61
-230,Culture,59
-220,Culture,60
-210,Culture,58
-200,Culture,65
-190,Culture,66
-180,Culture,66
-170,Culture,67
-160,Culture,64
-150,Culture,64
-140,Culture,63
-130,Culture,66
-120,Culture,67
-110,Culture,68
-100,Culture,75
-90,Culture,80
-80,Culture,83
-70,Culture,89
-60,Culture,89
-50,Culture,92
-40,Culture,89
-30,Culture,85
-20,Culture,84
-10,Culture,81
0,Culture,78
10,Culture,82
20,Culture,110
30,Culture,122
40,Culture,126
50,Culture,134
60,Culture,133
70,Culture,136
80,Culture,138
90,Culture,138
100,Culture,140
110,Culture,140
120,Culture,142
130,Culture,143
140,Culture,142
150,Culture,144
160,Culture,144
170,Culture,148
180,Culture,150
190,Culture,149
200,Culture,155
210,Culture,155
220,Culture,152
230,Culture,149
240,Culture,148
250,Culture,151
260,Culture,147
270,Culture,149
280,Culture,148
290,Culture,146
300,Culture,149
310,Culture,144
320,Culture,144
330,Culture,143
340,Culture,145
350,Culture,147
360,Culture,151
370,Culture,154
380,Culture,155
390,Culture,159
400,Culture,164
410,Culture,161
420,Culture,161
430,Culture,160
440,Culture,161
450,Culture,160
460,Culture,160
470,Culture,159
480,Culture,159
490,Culture,159
500,Culture,162
510,Culture,160
520,Culture,164
530,Culture,169
540,Culture,169
550,Culture,171
560,Culture,171
570,Culture,172
580,Culture,170
590,Culture,166
600,Culture,173
610,Culture,169
620,Culture,168
630,Culture,171
640,Culture,176
650,Culture,184
660,Culture,189
670,Culture,191
680,Culture,197
690,Culture,201
700,Culture,212
710,Culture,218
720,Culture,216
730,Culture,216
740,Culture,213
750,Culture,213
760,Culture,212
770,Culture,224
780,Culture,219
790,Culture,216
800,Culture,221
810,Culture,229
820,Culture,224
830,Culture,223
840,Culture,222
850,Culture,223
860,Culture,222
870,Culture,221
880,Culture,222
890,Culture,226
900,Culture,235
910,Culture,242
920,Culture,243
930,Culture,255
940,Culture,262
950,Culture,266
960,Culture,281
970,Culture,284
980,Culture,280
990,Culture,298
1000,Culture,310
1010,Culture,306
1020,Culture,303
1030,Culture,298
1040,Culture,298
1050,Culture,309
1060,Culture,303
1070,Culture,301
1080,Culture,304
1090,Culture,306
1100,Culture,328
1110,Culture,334
1120,Culture,343
1130,Culture,358
1140,Culture,380
1150,Culture,397
1160,Culture,412
1170,Culture,439
1180,Culture,452
1190,Culture,473
1200,Culture,514
1210,Culture,525
1220,Culture,534
1230,Culture,532
1240,Culture,535
1250,Culture,546
1260,Culture,539
1270,Culture,541
1280,Culture,564
1290,Culture,576
1300,Culture,592
1310,Culture,587
1320,Culture,605
1330,Culture,629
1340,Culture,637
1350,Culture,658
1360,Culture,652
1370,Culture,677
1380,Culture,707
1390,Culture,730
1400,Culture,815
1410,Culture,869
1420,Culture,956
1430,Culture,1078
1440,Culture,1205
1450,Culture,1389
1460,Culture,1568
1470,Culture,1754
1480,Culture,1975
1490,Culture,2214
1500,Culture,2495
1510,Culture,2627
1520,Culture,2851
1530,Culture,3036
1540,Culture,3292
1550,Culture,3617
1560,Culture,3886
1570,Culture,4226
1580,Culture,4646
1590,Culture,5078
1600,Culture,5529
1610,Culture,5942
1620,Culture,6246
1630,Culture,6437
1640,Culture,6643
1650,Culture,6896
1660,Culture,7037
1670,Culture,7076
1680,Culture,7172
1690,Culture,7391
1700,Culture,7857
1710,Culture,8296
1720,Culture,8991
1730,Culture,9817
1740,Culture,10905
1750,Culture,12277
1760,Culture,13566
1770,Culture,14960
1780,Culture,16569
1790,Culture,18466
1800,Culture,21623
1810,Culture,25863
1820,Culture,30470
1830,Culture,35131
1840,Culture,40798
1850,Culture,48146
1860,Culture,57948
1870,Culture,69980
1880,Culture,84859
1890,Culture,101865
1900,Culture,124549
1910,Culture,147574
1920,Culture,181729
1930,Culture,216769
1940,Culture,263923
1950,Culture,314319
1960,Culture,370530
1970,Culture,420308
1980,Culture,447025
1990,Culture,438571
2000,Culture,411285
2010,Culture,375342
2020,Culture,337327
-3500,Other,
-3490,Other,
-3480,Other,
-3470,Other,
-3460,Other,
-3450,Other,
-3440,Other,
-3430,Other,
-3420,Other,
-3410,Other,
-3400,Other,
-3390,Other,
-3380,Other,
-3370,Other,
-3360,Other,
-3350,Other,
-3340,Other,
-3330,Other,
-3320,Other,
-3310,Other,
-3300,Other,
-3290,Other,
-3280,Other,
-3270,Other,
-3260,Other,
-3250,Other,
-3240,Other,
-3230,Other,
-3220,Other,
-3210,Other,
-3200,Other,
-3190,Other,
-3180,Other,
-3170,Other,
-3160,Other,
-3150,Other,
-3140,Other,
-3130,Other,1
-3120,Other,1
-3110,Other,1
-3100,Other,1
-3090,Other,
-3080,Other,
-3070,Other,
-3060,Other,
-3050,Other,
-3040,Other,
-3030,Other,
-3020,Other,
-3010,Other,
-3000,Other,
-2990,Other,
-2980,Other,
-2970,Other,
-2960,Other,
-2950,Other,
-2940,Other,
-2930,Other,
-2920,Other,
-2910,Other,
-2900,Other,
-2890,Other,
-2880,Other,
-2870,Other,
-2860,Other,
-2850,Other,
-2840,Other,
-2830,Other,
-2820,Other,
-2810,Other,
-2800,Other,
-2790,Other,
-2780,Other,
-2770,Other,
-2760,Other,
-2750,Other,
-2740,Other,
-2730,Other,
-2720,Other,
-2710,Other,
-2700,Other,
-2690,Other,
-2680,Other,
-2670,Other,
-2660,Other,
-2650,Other,
-2640,Other,
-2630,Other,
-2620,Other,
-2610,Other,
-2600,Other,
-2590,Other,
-2580,Other,
-2570,Other,
-2560,Other,
-2550,Other,
-2540,Other,
-2530,Other,
-2520,Other,
-2510,Other,
-2500,Other,
-2490,Other,
-2480,Other,
-2470,Other,
-2460,Other,
-2450,Other,
-2440,Other,
-2430,Other,
-2420,Other,
-2410,Other,
-2400,Other,
-2390,Other,
-2380,Other,
-2370,Other,
-2360,Other,
-2350,Other,
-2340,Other,
-2330,Other,
-2320,Other,
-2310,Other,
-2300,Other,
-2290,Other,
-2280,Other,
-2270,Other,
-2260,Other,
-2250,Other,
-2240,Other,
-2230,Other,
-2220,Other,
-2210,Other,
-2200,Other,
-2190,Other,
-2180,Other,
-2170,Other,
-2160,Other,
-2150,Other,
-2140,Other,
-2130,Other,
-2120,Other,
-2110,Other,
-2100,Other,
-2090,Other,
-2080,Other,
-2070,Other,
-2060,Other,
-2050,Other,
-2040,Other,
-2030,Other,
-2020,Other,
-2010,Other,
-2000,Other,
-1990,Other,
-1980,Other,
-1970,Other,
-1960,Other,
-1950,Other,
-1940,Other,
-1930,Other,
-1920,Other,
-1910,Other,
-1900,Other,
-1890,Other,
-1880,Other,
-1870,Other,
-1860,Other,
-1850,Other,
-1840,Other,
-1830,Other,
-1820,Other,
-1810,Other,
-1800,Other,
-1790,Other,
-1780,Other,
-1770,Other,
-1760,Other,
-1750,Other,
-1740,Other,
-1730,Other,
-1720,Other,
-1710,Other,
-1700,Other,
-1690,Other,
-1680,Other,
-1670,Other,
-1660,Other,
-1650,Other,
-1640,Other,
-1630,Other,
-1620,Other,
-1610,Other,
-1600,Other,
-1590,Other,
-1580,Other,
-1570,Other,1
-1560,Other,1
-1550,Other,1
-1540,Other,1
-1530,Other,1
-1520,Other,1
-1510,Other,1
-1500,Other,1
-1490,Other,1
-1480,Other,1
-1470,Other,1
-1460,Other,1
-1450,Other,
-1440,Other,
-1430,Other,
-1420,Other,
-1410,Other,
-1400,Other,
-1390,Other,1
-1380,Other,1
-1370,Other,1
-1360,Other,
-1350,Other,1
-1340,Other,1
-1330,Other,
-1320,Other,
-1310,Other,
-1300,Other,1
-1290,Other,1
-1280,Other,1
-1270,Other,1
-1260,Other,1
-1250,Other,1
-1240,Other,1
-1230,Other,1
-1220,Other,1
-1210,Other,1
-1200,Other,1
-1190,Other,1
-1180,Other,1
-1170,Other,1
-1160,Other,1
-1150,Other,1
-1140,Other,1
-1130,Other,1
-1120,Other,1
-1110,Other,1
-1100,Other,1
-1090,Other,1
-1080,Other,1
-1070,Other,1
-1060,Other,1
-1050,Other,1
-1040,Other,1
-1030,Other,1
-1020,Other,1
-1010,Other,1
-1000,Other,1
-990,Other,1
-980,Other,1
-970,Other,1
-960,Other,1
-950,Other,1
-940,Other,1
-930,Other,1
-920,Other,1
-910,Other,1
-900,Other,1
-890,Other,2
-880,Other,2
-870,Other,2
-860,Other,2
-850,Other,2
-840,Other,2
-830,Other,2
-820,Other,2
-810,Other,2
-800,Other,2
-790,Other,2
-780,Other,2
-770,Other,2
-760,Other,2
-750,Other,2
-740,Other,2
-730,Other,2
-720,Other,2
-710,Other,2
-700,Other,3
-690,Other,3
-680,Other,3
-670,Other,3
-660,Other,4
-650,Other,4
-640,Other,4
-630,Other,3
-620,Other,2
-610,Other,2
-600,Other,5
-590,Other,5
-580,Other,5
-570,Other,6
-560,Other,6
-550,Other,7
-540,Other,9
-530,Other,9
-520,Other,8
-510,Other,9
-500,Other,10
-490,Other,9
-480,Other,9
-470,Other,8
-460,Other,8
-450,Other,8
-440,Other,12
-430,Other,12
-420,Other,13
-410,Other,14
-400,Other,14
-390,Other,13
-380,Other,15
-370,Other,18
-360,Other,17
-350,Other,17
-340,Other,17
-330,Other,17
-320,Other,18
-310,Other,19
-300,Other,15
-290,Other,15
-280,Other,14
-270,Other,15
-260,Other,16
-250,Other,18
-240,Other,19
-230,Other,21
-220,Other,19
-210,Other,18
-200,Other,17
-190,Other,18
-180,Other,18
-170,Other,19
-160,Other,20
-150,Other,20
-140,Other,19
-130,Other,21
-120,Other,22
-110,Other,27
-100,Other,33
-90,Other,33
-80,Other,34
-70,Other,41
-60,Other,44
-50,Other,44
-40,Other,42
-30,Other,41
-20,Other,48
-10,Other,48
0,Other,45
10,Other,49
20,Other,44
30,Other,43
40,Other,35
50,Other,39
60,Other,40
70,Other,37
80,Other,37
90,Other,37
100,Other,37
110,Other,37
120,Other,37
130,Other,37
140,Other,38
150,Other,39
160,Other,38
170,Other,41
180,Other,43
190,Other,49
200,Other,49
210,Other,47
220,Other,46
230,Other,45
240,Other,43
250,Other,47
260,Other,51
270,Other,47
280,Other,50
290,Other,51
300,Other,50
310,Other,48
320,Other,50
330,Other,49
340,Other,48
350,Other,51
360,Other,56
370,Other,56
380,Other,57
390,Other,57
400,Other,57
410,Other,56
420,Other,54
430,Other,55
440,Other,54
450,Other,54
460,Other,55
470,Other,56
480,Other,56
490,Other,59
500,Other,60
510,Other,62
520,Other,64
530,Other,65
540,Other,69
550,Other,74
560,Other,73
570,Other,71
580,Other,70
590,Other,75
600,Other,80
610,Other,88
620,Other,90
630,Other,89
640,Other,86
650,Other,84
660,Other,84
670,Other,85
680,Other,83
690,Other,81
700,Other,83
710,Other,86
720,Other,89
730,Other,87
740,Other,84
750,Other,87
760,Other,83
770,Other,89
780,Other,93
790,Other,94
800,Other,97
810,Other,99
820,Other,95
830,Other,103
840,Other,103
850,Other,100
860,Other,103
870,Other,103
880,Other,106
890,Other,117
900,Other,122
910,Other,132
920,Other,138
930,Other,146
940,Other,157
950,Other,170
960,Other,177
970,Other,192
980,Other,195
990,Other,196
1000,Other,200
1010,Other,192
1020,Other,195
1030,Other,194
1040,Other,197
1050,Other,204
1060,Other,210
1070,Other,216
1080,Other,219
1090,Other,228
1100,Other,229
1110,Other,229
1120,Other,230
1130,Other,249
1140,Other,264
1150,Other,282
1160,Other,294
1170,Other,306
1180,Other,309
1190,Other,316
1200,Other,334
1210,Other,341
1220,Other,353
1230,Other,350
1240,Other,356
1250,Other,353
1260,Other,355
1270,Other,361
1280,Other,352
1290,Other,357
1300,Other,374
1310,Other,376
1320,Other,380
1330,Other,376
1340,Other,379
1350,Other,386
1360,Other,385
1370,Other,386
1380,Other,403
1390,Other,408
1400,Other,424
1410,Other,413
1420,Other,437
1430,Other,474
1440,Other,511
1450,Other,548
1460,Other,594
1470,Other,640
1480,Other,661
1490,Other,702
1500,Other,768
1510,Other,802
1520,Other,856
1530,Other,907
1540,Other,959
1550,Other,992
1560,Other,1053
1570,Other,1107
1580,Other,1168
1590,Other,1228
1600,Other,1322
1610,Other,1405
1620,Other,1492
1630,Other,1534
1640,Other,1572
1650,Other,1624
1660,Other,1671
1670,Other,1740
1680,Other,1746
1690,Other,1786
1700,Other,1892
1710,Other,2019
1720,Other,2221
1730,Other,2429
1740,Other,2633
1750,Other,2934
1760,Other,3205
1770,Other,3576
1780,Other,3890
1790,Other,4288
1800,Other,4781
1810,Other,5379
1820,Other,6059
1830,Other,6791
1840,Other,7572
1850,Other,8252
1860,Other,8959
1870,Other,9619
1880,Other,10274
1890,Other,10950
1900,Other,11749
1910,Other,12311
1920,Other,13170
1930,Other,13825
1940,Other,14788
1950,Other,15581
1960,Other,16782
1970,Other,17438
1980,Other,17187
1990,Other,16050
2000,Other,14494
2010,Other,12272
2020,Other,10194
-3500,Leadership,1
-3490,Leadership,1
-3480,Leadership,1
-3470,Leadership,1
-3460,Leadership,1
-3450,Leadership,1
-3440,Leadership,1
-3430,Leadership,1
-3420,Leadership,1
-3410,Leadership,1
-3400,Leadership,1
-3390,Leadership,1
-3380,Leadership,1
-3370,Leadership,1
-3360,Leadership,1
-3350,Leadership,1
-3340,Leadership,1
-3330,Leadership,1
-3320,Leadership,1
-3310,Leadership,1
-3300,Leadership,1
-3290,Leadership,1
-3280,Leadership,1
-3270,Leadership,1
-3260,Leadership,1
-3250,Leadership,1
-3240,Leadership,1
-3230,Leadership,1
-3220,Leadership,1
-3210,Leadership,1
-3200,Leadership,4
-3190,Leadership,4
-3180,Leadership,4
-3170,Leadership,4
-3160,Leadership,4
-3150,Leadership,5
-3140,Leadership,5
-3130,Leadership,5
-3120,Leadership,5
-3110,Leadership,5
-3100,Leadership,7
-3090,Leadership,5
-3080,Leadership,5
-3070,Leadership,5
-3060,Leadership,6
-3050,Leadership,6
-3040,Leadership,6
-3030,Leadership,6
-3020,Leadership,6
-3010,Leadership,6
-3000,Leadership,12
-2990,Leadership,12
-2980,Leadership,12
-2970,Leadership,12
-2960,Leadership,12
-2950,Leadership,12
-2940,Leadership,12
-2930,Leadership,12
-2920,Leadership,13
-2910,Leadership,13
-2900,Leadership,13
-2890,Leadership,14
-2880,Leadership,14
-2870,Leadership,14
-2860,Leadership,14
-2850,Leadership,14
-2840,Leadership,14
-2830,Leadership,14
-2820,Leadership,14
-2810,Leadership,14
-2800,Leadership,14
-2790,Leadership,14
-2780,Leadership,14
-2770,Leadership,14
-2760,Leadership,14
-2750,Leadership,14
-2740,Leadership,14
-2730,Leadership,14
-2720,Leadership,14
-2710,Leadership,14
-2700,Leadership,14
-2690,Leadership,14
-2680,Leadership,14
-2670,Leadership,14
-2660,Leadership,14
-2650,Leadership,15
-2640,Leadership,15
-2630,Leadership,15
-2620,Leadership,15
-2610,Leadership,15
-2600,Leadership,16
-2590,Leadership,16
-2580,Leadership,17
-2570,Leadership,18
-2560,Leadership,18
-2550,Leadership,17
-2540,Leadership,17
-2530,Leadership,17
-2520,Leadership,17
-2510,Leadership,18
-2500,Leadership,19
-2490,Leadership,21
-2480,Leadership,22
-2470,Leadership,21
-2460,Leadership,21
-2450,Leadership,21
-2440,Leadership,20
-2430,Leadership,21
-2420,Leadership,21
-2410,Leadership,21
-2400,Leadership,22
-2390,Leadership,22
-2380,Leadership,22
-2370,Leadership,22
-2360,Leadership,23
-2350,Leadership,24
-2340,Leadership,24
-2330,Leadership,23
-2320,Leadership,23
-2310,Leadership,23
-2300,Leadership,23
-2290,Leadership,24
-2280,Leadership,25
-2270,Leadership,25
-2260,Leadership,25
-2250,Leadership,25
-2240,Leadership,25
-2230,Leadership,25
-2220,Leadership,26
-2210,Leadership,26
-2200,Leadership,26
-2190,Leadership,26
-2180,Leadership,25
-2170,Leadership,25
-2160,Leadership,25
-2150,Leadership,25
-2140,Leadership,25
-2130,Leadership,25
-2120,Leadership,25
-2110,Leadership,25
-2100,Leadership,26
-2090,Leadership,26
-2080,Leadership,26
-2070,Leadership,26
-2060,Leadership,26
-2050,Leadership,26
-2040,Leadership,26
-2030,Leadership,26
-2020,Leadership,26
-2010,Leadership,26
-2000,Leadership,27
-1990,Leadership,27
-1980,Leadership,27
-1970,Leadership,27
-1960,Leadership,26
-1950,Leadership,26
-1940,Leadership,26
-1930,Leadership,26
-1920,Leadership,26
-1910,Leadership,26
-1900,Leadership,26
-1890,Leadership,26
-1880,Leadership,26
-1870,Leadership,26
-1860,Leadership,27
-1850,Leadership,27
-1840,Leadership,27
-1830,Leadership,27
-1820,Leadership,27
-1810,Leadership,28
-1800,Leadership,29
-1790,Leadership,29
-1780,Leadership,30
-1770,Leadership,29
-1760,Leadership,29
-1750,Leadership,29
-1740,Leadership,28
-1730,Leadership,28
-1720,Leadership,28
-1710,Leadership,27
-1700,Leadership,27
-1690,Leadership,28
-1680,Leadership,29
-1670,Leadership,28
-1660,Leadership,28
-1650,Leadership,29
-1640,Leadership,29
-1630,Leadership,29
-1620,Leadership,28
-1610,Leadership,30
-1600,Leadership,30
-1590,Leadership,30
-1580,Leadership,30
-1570,Leadership,31
-1560,Leadership,34
-1550,Leadership,33
-1540,Leadership,31
-1530,Leadership,34
-1520,Leadership,33
-1510,Leadership,35
-1500,Leadership,33
-1490,Leadership,32
-1480,Leadership,32
-1470,Leadership,32
-1460,Leadership,33
-1450,Leadership,32
-1440,Leadership,32
-1430,Leadership,31
-1420,Leadership,30
-1410,Leadership,30
-1400,Leadership,33
-1390,Leadership,34
-1380,Leadership,34
-1370,Leadership,36
-1360,Leadership,37
-1350,Leadership,39
-1340,Leadership,38
-1330,Leadership,40
-1320,Leadership,37
-1310,Leadership,40
-1300,Leadership,40
-1290,Leadership,40
-1280,Leadership,39
-1270,Leadership,37
-1260,Leadership,37
-1250,Leadership,35
-1240,Leadership,35
-1230,Leadership,35
-1220,Leadership,35
-1210,Leadership,34
-1200,Leadership,35
-1190,Leadership,35
-1180,Leadership,36
-1170,Leadership,36
-1160,Leadership,37
-1150,Leadership,36
-1140,Leadership,36
-1130,Leadership,36
-1120,Leadership,36
-1110,Leadership,36
-1100,Leadership,36
-1090,Leadership,36
-1080,Leadership,37
-1070,Leadership,37
-1060,Leadership,37
-1050,Leadership,36
-1040,Leadership,36
-1030,Leadership,36
-1020,Leadership,37
-1010,Leadership,37
-1000,Leadership,37
-990,Leadership,37
-980,Leadership,38
-970,Leadership,39
-960,Leadership,38
-950,Leadership,38
-940,Leadership,38
-930,Leadership,36
-920,Leadership,36
-910,Leadership,35
-900,Leadership,36
-890,Leadership,36
-880,Leadership,36
-870,Leadership,37
-860,Leadership,38
-850,Leadership,39
-840,Leadership,39
-830,Leadership,39
-820,Leadership,39
-810,Leadership,42
-800,Leadership,45
-790,Leadership,45
-780,Leadership,47
-770,Leadership,46
-760,Leadership,47
-750,Leadership,47
-740,Leadership,48
-730,Leadership,48
-720,Leadership,52
-710,Leadership,54
-700,Leadership,52
-690,Leadership,52
-680,Leadership,53
-670,Leadership,54
-660,Leadership,55
-650,Leadership,57
-640,Leadership,55
-630,Leadership,58
-620,Leadership,55
-610,Leadership,54
-600,Leadership,61
-590,Leadership,64
-580,Leadership,66
-570,Leadership,67
-560,Leadership,68
-550,Leadership,70
-540,Leadership,73
-530,Leadership,78
-520,Leadership,79
-510,Leadership,83
-500,Leadership,83
-490,Leadership,81
-480,Leadership,82
-470,Leadership,80
-460,Leadership,80
-450,Leadership,87
-440,Leadership,93
-430,Leadership,102
-420,Leadership,104
-410,Leadership,106
-400,Leadership,115
-390,Leadership,117
-380,Leadership,121
-370,Leadership,131
-360,Leadership,135
-350,Leadership,129
-340,Leadership,138
-330,Leadership,132
-320,Leadership,126
-310,Leadership,127
-300,Leadership,133
-290,Leadership,135
-280,Leadership,133
-270,Leadership,135
-260,Leadership,138
-250,Leadership,145
-240,Leadership,147
-230,Leadership,151
-220,Leadership,148
-210,Leadership,154
-200,Leadership,147
-190,Leadership,150
-180,Leadership,150
-170,Leadership,151
-160,Leadership,161
-150,Leadership,165
-140,Leadership,179
-130,Leadership,187
-120,Leadership,185
-110,Leadership,200
-100,Leadership,231
-90,Leadership,256
-80,Leadership,258
-70,Leadership,262
-60,Leadership,267
-50,Leadership,263
-40,Leadership,225
-30,Leadership,242
-20,Leadership,250
-10,Leadership,262
0,Leadership,273
10,Leadership,284
20,Leadership,304
30,Leadership,313
40,Leadership,312
50,Leadership,305
60,Leadership,306
70,Leadership,291
80,Leadership,285
90,Leadership,283
100,Leadership,288
110,Leadership,285
120,Leadership,290
130,Leadership,302
140,Leadership,310
150,Leadership,343
160,Leadership,384
170,Leadership,415
180,Leadership,441
190,Leadership,449
200,Leadership,466
210,Leadership,473
220,Leadership,462
230,Leadership,461
240,Leadership,442
250,Leadership,444
260,Leadership,427
270,Leadership,432
280,Leadership,443
290,Leadership,464
300,Leadership,483
310,Leadership,463
320,Leadership,488
330,Leadership,522
340,Leadership,543
350,Leadership,559
360,Leadership,585
370,Leadership,603
380,Leadership,622
390,Leadership,633
400,Leadership,641
410,Leadership,623
420,Leadership,628
430,Leadership,637
440,Leadership,654
450,Leadership,681
460,Leadership,695
470,Leadership,708
480,Leadership,732
490,Leadership,755
500,Leadership,790
510,Leadership,808
520,Leadership,836
530,Leadership,847
540,Leadership,842
550,Leadership,830
560,Leadership,834
570,Leadership,850
580,Leadership,857
590,Leadership,887
600,Leadership,931
610,Leadership,946
620,Leadership,955
630,Leadership,976
640,Leadership,986
650,Leadership,984
660,Leadership,971
670,Leadership,948
680,Leadership,951
690,Leadership,907
700,Leadership,924
710,Leadership,924
720,Leadership,901
730,Leadership,918
740,Leadership,932
750,Leadership,959
760,Leadership,983
770,Leadership,1011
780,Leadership,1019
790,Leadership,1010
800,Leadership,1022
810,Leadership,1031
820,Leadership,1046
830,Leadership,1049
840,Leadership,1070
850,Leadership,1084
860,Leadership,1097
870,Leadership,1119
880,Leadership,1138
890,Leadership,1158
900,Leadership,1191
910,Leadership,1218
920,Leadership,1263
930,Leadership,1289
940,Leadership,1316
950,Leadership,1331
960,Leadership,1371
970,Leadership,1400
980,Leadership,1432
990,Leadership,1463
1000,Leadership,1511
1010,Leadership,1558
1020,Leadership,1613
1030,Leadership,1656
1040,Leadership,1697
1050,Leadership,1721
1060,Leadership,1771
1070,Leadership,1821
1080,Leadership,1839
1090,Leadership,1909
1100,Leadership,1983
1110,Leadership,2035
1120,Leadership,2085
1130,Leadership,2128
1140,Leadership,2158
1150,Leadership,2262
1160,Leadership,2305
1170,Leadership,2370
1180,Leadership,2457
1190,Leadership,2506
1200,Leadership,2577
1210,Leadership,2602
1220,Leadership,2654
1230,Leadership,2693
1240,Leadership,2788
1250,Leadership,2837
1260,Leadership,2884
1270,Leadership,2950
1280,Leadership,2935
1290,Leadership,3004
1300,Leadership,3051
1310,Leadership,3045
1320,Leadership,3073
1330,Leadership,3122
1340,Leadership,3210
1350,Leadership,3249
1360,Leadership,3338
1370,Leadership,3405
1380,Leadership,3525
1390,Leadership,3581
1400,Leadership,3647
1410,Leadership,3745
1420,Leadership,3873
1430,Leadership,3992
1440,Leadership,4138
1450,Leadership,4382
1460,Leadership,4540
1470,Leadership,4733
1480,Leadership,5039
1490,Leadership,5418
1500,Leadership,5946
1510,Leadership,6375
1520,Leadership,6906
1530,Leadership,7464
1540,Leadership,7965
1550,Leadership,8568
1560,Leadership,9074
1570,Leadership,9660
1580,Leadership,10320
1590,Leadership,10960
1600,Leadership,11757
1610,Leadership,12490
1620,Leadership,13070
1630,Leadership,13403
1640,Leadership,13720
1650,Leadership,13960
1660,Leadership,14261
1670,Leadership,14396
1680,Leadership,14550
1690,Leadership,14797
1700,Leadership,15179
1710,Leadership,15797
1720,Leadership,17009
1730,Leadership,19015
1740,Leadership,22042
1750,Leadership,26371
1760,Leadership,31045
1770,Leadership,35909
1780,Leadership,40961
1790,Leadership,46953
1800,Leadership,53536
1810,Leadership,61372
1820,Leadership,69621
1830,Leadership,78353
1840,Leadership,87354
1850,Leadership,96369
1860,Leadership,106860
1870,Leadership,117787
1880,Leadership,130698
1890,Leadership,146032
1900,Leadership,159615
1910,Leadership,174838
1920,Leadership,190918
1930,Leadership,207179
1940,Leadership,234265
1950,Leadership,259023
1960,Leadership,278043
1970,Leadership,277192
1980,Leadership,264195
1990,Leadership,246063
2000,Leadership,226501
2010,Leadership,202348
2020,Leadership,175772
-3500,Sports/Games,
-3490,Sports/Games,
-3480,Sports/Games,
-3470,Sports/Games,
-3460,Sports/Games,
-3450,Sports/Games,
-3440,Sports/Games,
-3430,Sports/Games,
-3420,Sports/Games,
-3410,Sports/Games,
-3400,Sports/Games,
-3390,Sports/Games,
-3380,Sports/Games,
-3370,Sports/Games,
-3360,Sports/Games,
-3350,Sports/Games,
-3340,Sports/Games,
-3330,Sports/Games,
-3320,Sports/Games,
-3310,Sports/Games,
-3300,Sports/Games,
-3290,Sports/Games,
-3280,Sports/Games,
-3270,Sports/Games,
-3260,Sports/Games,
-3250,Sports/Games,
-3240,Sports/Games,
-3230,Sports/Games,
-3220,Sports/Games,
-3210,Sports/Games,
-3200,Sports/Games,
-3190,Sports/Games,
-3180,Sports/Games,
-3170,Sports/Games,
-3160,Sports/Games,
-3150,Sports/Games,
-3140,Sports/Games,
-3130,Sports/Games,
-3120,Sports/Games,
-3110,Sports/Games,
-3100,Sports/Games,
-3090,Sports/Games,
-3080,Sports/Games,
-3070,Sports/Games,
-3060,Sports/Games,
-3050,Sports/Games,
-3040,Sports/Games,
-3030,Sports/Games,
-3020,Sports/Games,
-3010,Sports/Games,
-3000,Sports/Games,
-2990,Sports/Games,
-2980,Sports/Games,
-2970,Sports/Games,
-2960,Sports/Games,
-2950,Sports/Games,
-2940,Sports/Games,
-2930,Sports/Games,
-2920,Sports/Games,
-2910,Sports/Games,
-2900,Sports/Games,
-2890,Sports/Games,
-2880,Sports/Games,
-2870,Sports/Games,
-2860,Sports/Games,
-2850,Sports/Games,
-2840,Sports/Games,
-2830,Sports/Games,
-2820,Sports/Games,
-2810,Sports/Games,
-2800,Sports/Games,
-2790,Sports/Games,
-2780,Sports/Games,
-2770,Sports/Games,
-2760,Sports/Games,
-2750,Sports/Games,
-2740,Sports/Games,
-2730,Sports/Games,
-2720,Sports/Games,
-2710,Sports/Games,
-2700,Sports/Games,
-2690,Sports/Games,
-2680,Sports/Games,
-2670,Sports/Games,
-2660,Sports/Games,
-2650,Sports/Games,
-2640,Sports/Games,
-2630,Sports/Games,
-2620,Sports/Games,
-2610,Sports/Games,
-2600,Sports/Games,
-2590,Sports/Games,
-2580,Sports/Games,
-2570,Sports/Games,
-2560,Sports/Games,
-2550,Sports/Games,
-2540,Sports/Games,
-2530,Sports/Games,
-2520,Sports/Games,
-2510,Sports/Games,
-2500,Sports/Games,
-2490,Sports/Games,
-2480,Sports/Games,
-2470,Sports/Games,
-2460,Sports/Games,
-2450,Sports/Games,
-2440,Sports/Games,
-2430,Sports/Games,
-2420,Sports/Games,
-2410,Sports/Games,
-2400,Sports/Games,
-2390,Sports/Games,
-2380,Sports/Games,
-2370,Sports/Games,
-2360,Sports/Games,
-2350,Sports/Games,
-2340,Sports/Games,
-2330,Sports/Games,
-2320,Sports/Games,
-2310,Sports/Games,
-2300,Sports/Games,
-2290,Sports/Games,
-2280,Sports/Games,
-2270,Sports/Games,
-2260,Sports/Games,
-2250,Sports/Games,
-2240,Sports/Games,
-2230,Sports/Games,
-2220,Sports/Games,
-2210,Sports/Games,
-2200,Sports/Games,
-2190,Sports/Games,
-2180,Sports/Games,
-2170,Sports/Games,
-2160,Sports/Games,
-2150,Sports/Games,
-2140,Sports/Games,
-2130,Sports/Games,
-2120,Sports/Games,
-2110,Sports/Games,
-2100,Sports/Games,
-2090,Sports/Games,
-2080,Sports/Games,
-2070,Sports/Games,
-2060,Sports/Games,
-2050,Sports/Games,
-2040,Sports/Games,
-2030,Sports/Games,
-2020,Sports/Games,
-2010,Sports/Games,
-2000,Sports/Games,
-1990,Sports/Games,
-1980,Sports/Games,
-1970,Sports/Games,
-1960,Sports/Games,
-1950,Sports/Games,
-1940,Sports/Games,
-1930,Sports/Games,
-1920,Sports/Games,
-1910,Sports/Games,
-1900,Sports/Games,
-1890,Sports/Games,
-1880,Sports/Games,
-1870,Sports/Games,
-1860,Sports/Games,
-1850,Sports/Games,
-1840,Sports/Games,
-1830,Sports/Games,
-1820,Sports/Games,
-1810,Sports/Games,
-1800,Sports/Games,
-1790,Sports/Games,
-1780,Sports/Games,
-1770,Sports/Games,
-1760,Sports/Games,
-1750,Sports/Games,
-1740,Sports/Games,
-1730,Sports/Games,
-1720,Sports/Games,
-1710,Sports/Games,
-1700,Sports/Games,
-1690,Sports/Games,
-1680,Sports/Games,
-1670,Sports/Games,
-1660,Sports/Games,
-1650,Sports/Games,
-1640,Sports/Games,
-1630,Sports/Games,
-1620,Sports/Games,
-1610,Sports/Games,
-1600,Sports/Games,
-1590,Sports/Games,
-1580,Sports/Games,
-1570,Sports/Games,
-1560,Sports/Games,
-1550,Sports/Games,
-1540,Sports/Games,
-1530,Sports/Games,
-1520,Sports/Games,
-1510,Sports/Games,
-1500,Sports/Games,
-1490,Sports/Games,
-1480,Sports/Games,
-1470,Sports/Games,
-1460,Sports/Games,
-1450,Sports/Games,
-1440,Sports/Games,
-1430,Sports/Games,
-1420,Sports/Games,
-1410,Sports/Games,
-1400,Sports/Games,
-1390,Sports/Games,
-1380,Sports/Games,
-1370,Sports/Games,
-1360,Sports/Games,
-1350,Sports/Games,
-1340,Sports/Games,
-1330,Sports/Games,
-1320,Sports/Games,
-1310,Sports/Games,
-1300,Sports/Games,1
-1290,Sports/Games,1
-1280,Sports/Games,1
-1270,Sports/Games,1
-1260,Sports/Games,1
-1250,Sports/Games,1
-1240,Sports/Games,1
-1230,Sports/Games,1
-1220,Sports/Games,1
-1210,Sports/Games,1
-1200,Sports/Games,1
-1190,Sports/Games,1
-1180,Sports/Games,1
-1170,Sports/Games,1
-1160,Sports/Games,1
-1150,Sports/Games,1
-1140,Sports/Games,1
-1130,Sports/Games,1
-1120,Sports/Games,1
-1110,Sports/Games,1
-1100,Sports/Games,1
-1090,Sports/Games,1
-1080,Sports/Games,1
-1070,Sports/Games,1
-1060,Sports/Games,1
-1050,Sports/Games,1
-1040,Sports/Games,1
-1030,Sports/Games,1
-1020,Sports/Games,1
-1010,Sports/Games,1
-1000,Sports/Games,1
-990,Sports/Games,1
-980,Sports/Games,1
-970,Sports/Games,1
-960,Sports/Games,1
-950,Sports/Games,1
-940,Sports/Games,1
-930,Sports/Games,1
-920,Sports/Games,1
-910,Sports/Games,1
-900,Sports/Games,1
-890,Sports/Games,1
-880,Sports/Games,1
-870,Sports/Games,1
-860,Sports/Games,1
-850,Sports/Games,1
-840,Sports/Games,1
-830,Sports/Games,1
-820,Sports/Games,1
-810,Sports/Games,1
-800,Sports/Games,1
-790,Sports/Games,1
-780,Sports/Games,1
-770,Sports/Games,1
-760,Sports/Games,1
-750,Sports/Games,1
-740,Sports/Games,1
-730,Sports/Games,1
-720,Sports/Games,1
-710,Sports/Games,1
-700,Sports/Games,1
-690,Sports/Games,1
-680,Sports/Games,1
-670,Sports/Games,1
-660,Sports/Games,1
-650,Sports/Games,1
-640,Sports/Games,1
-630,Sports/Games,1
-620,Sports/Games,1
-610,Sports/Games,1
-600,Sports/Games,1
-590,Sports/Games,1
-580,Sports/Games,1
-570,Sports/Games,1
-560,Sports/Games,2
-550,Sports/Games,2
-540,Sports/Games,2
-530,Sports/Games,2
-520,Sports/Games,2
-510,Sports/Games,2
-500,Sports/Games,3
-490,Sports/Games,3
-480,Sports/Games,3
-470,Sports/Games,2
-460,Sports/Games,2
-450,Sports/Games,2
-440,Sports/Games,2
-430,Sports/Games,2
-420,Sports/Games,2
-410,Sports/Games,2
-400,Sports/Games,2
-390,Sports/Games,2
-380,Sports/Games,2
-370,Sports/Games,2
-360,Sports/Games,2
-350,Sports/Games,2
-340,Sports/Games,2
-330,Sports/Games,2
-320,Sports/Games,2
-310,Sports/Games,2
-300,Sports/Games,2
-290,Sports/Games,3
-280,Sports/Games,3
-270,Sports/Games,3
-260,Sports/Games,3
-250,Sports/Games,3
-240,Sports/Games,3
-230,Sports/Games,3
-220,Sports/Games,3
-210,Sports/Games,3
-200,Sports/Games,3
-190,Sports/Games,3
-180,Sports/Games,3
-170,Sports/Games,3
-160,Sports/Games,3
-150,Sports/Games,3
-140,Sports/Games,3
-130,Sports/Games,3
-120,Sports/Games,3
-110,Sports/Games,3
-100,Sports/Games,3
-90,Sports/Games,3
-80,Sports/Games,3
-70,Sports/Games,3
-60,Sports/Games,3
-50,Sports/Games,3
-40,Sports/Games,4
-30,Sports/Games,4
-20,Sports/Games,4
-10,Sports/Games,4
0,Sports/Games,4
10,Sports/Games,5
20,Sports/Games,6
30,Sports/Games,8
40,Sports/Games,9
50,Sports/Games,9
60,Sports/Games,10
70,Sports/Games,10
80,Sports/Games,11
90,Sports/Games,11
100,Sports/Games,11
110,Sports/Games,11
120,Sports/Games,14
130,Sports/Games,14
140,Sports/Games,15
150,Sports/Games,14
160,Sports/Games,14
170,Sports/Games,14
180,Sports/Games,14
190,Sports/Games,14
200,Sports/Games,14
210,Sports/Games,14
220,Sports/Games,14
230,Sports/Games,14
240,Sports/Games,14
250,Sports/Games,13
260,Sports/Games,13
270,Sports/Games,13
280,Sports/Games,13
290,Sports/Games,13
300,Sports/Games,13
310,Sports/Games,13
320,Sports/Games,13
330,Sports/Games,13
340,Sports/Games,13
350,Sports/Games,13
360,Sports/Games,13
370,Sports/Games,13
380,Sports/Games,13
390,Sports/Games,13
400,Sports/Games,13
410,Sports/Games,13
420,Sports/Games,13
430,Sports/Games,13
440,Sports/Games,13
450,Sports/Games,13
460,Sports/Games,13
470,Sports/Games,13
480,Sports/Games,14
490,Sports/Games,14
500,Sports/Games,14
510,Sports/Games,14
520,Sports/Games,14
530,Sports/Games,14
540,Sports/Games,14
550,Sports/Games,14
560,Sports/Games,15
570,Sports/Games,15
580,Sports/Games,15
590,Sports/Games,15
600,Sports/Games,15
610,Sports/Games,15
620,Sports/Games,15
630,Sports/Games,14
640,Sports/Games,14
650,Sports/Games,14
660,Sports/Games,14
670,Sports/Games,14
680,Sports/Games,14
690,Sports/Games,14
700,Sports/Games,14
710,Sports/Games,14
720,Sports/Games,14
730,Sports/Games,14
740,Sports/Games,14
750,Sports/Games,14
760,Sports/Games,14
770,Sports/Games,14
780,Sports/Games,14
790,Sports/Games,16
800,Sports/Games,17
810,Sports/Games,17
820,Sports/Games,18
830,Sports/Games,18
840,Sports/Games,19
850,Sports/Games,20
860,Sports/Games,20
870,Sports/Games,19
880,Sports/Games,16
890,Sports/Games,16
900,Sports/Games,16
910,Sports/Games,16
920,Sports/Games,18
930,Sports/Games,19
940,Sports/Games,18
950,Sports/Games,20
960,Sports/Games,21
970,Sports/Games,20
980,Sports/Games,21
990,Sports/Games,21
1000,Sports/Games,21
1010,Sports/Games,20
1020,Sports/Games,19
1030,Sports/Games,20
1040,Sports/Games,19
1050,Sports/Games,19
1060,Sports/Games,20
1070,Sports/Games,21
1080,Sports/Games,21
1090,Sports/Games,22
1100,Sports/Games,23
1110,Sports/Games,23
1120,Sports/Games,24
1130,Sports/Games,25
1140,Sports/Games,23
1150,Sports/Games,22
1160,Sports/Games,23
1170,Sports/Games,22
1180,Sports/Games,22
1190,Sports/Games,23
1200,Sports/Games,27
1210,Sports/Games,28
1220,Sports/Games,27
1230,Sports/Games,30
1240,Sports/Games,30
1250,Sports/Games,29
1260,Sports/Games,30
1270,Sports/Games,31
1280,Sports/Games,34
1290,Sports/Games,34
1300,Sports/Games,36
1310,Sports/Games,35
1320,Sports/Games,35
1330,Sports/Games,33
1340,Sports/Games,32
1350,Sports/Games,33
1360,Sports/Games,31
1370,Sports/Games,31
1380,Sports/Games,32
1390,Sports/Games,33
1400,Sports/Games,32
1410,Sports/Games,33
1420,Sports/Games,33
1430,Sports/Games,35
1440,Sports/Games,37
1450,Sports/Games,40
1460,Sports/Games,40
1470,Sports/Games,42
1480,Sports/Games,44
1490,Sports/Games,43
1500,Sports/Games,44
1510,Sports/Games,46
1520,Sports/Games,47
1530,Sports/Games,54
1540,Sports/Games,58
1550,Sports/Games,57
1560,Sports/Games,62
1570,Sports/Games,67
1580,Sports/Games,68
1590,Sports/Games,72
1600,Sports/Games,72
1610,Sports/Games,72
1620,Sports/Games,70
1630,Sports/Games,75
1640,Sports/Games,77
1650,Sports/Games,75
1660,Sports/Games,81
1670,Sports/Games,87
1680,Sports/Games,84
1690,Sports/Games,95
1700,Sports/Games,117
1710,Sports/Games,142
1720,Sports/Games,160
1730,Sports/Games,179
1740,Sports/Games,214
1750,Sports/Games,272
1760,Sports/Games,359
1770,Sports/Games,435
1780,Sports/Games,559
1790,Sports/Games,812
1800,Sports/Games,1057
1810,Sports/Games,1336
1820,Sports/Games,1695
1830,Sports/Games,2242
1840,Sports/Games,3368
1850,Sports/Games,5525
1860,Sports/Games,9681
1870,Sports/Games,16941
1880,Sports/Games,28357
1890,Sports/Games,41388
1900,Sports/Games,58088
1910,Sports/Games,75932
1920,Sports/Games,96046
1930,Sports/Games,121069
1940,Sports/Games,151986
1950,Sports/Games,187900
1960,Sports/Games,240586
1970,Sports/Games,314907
1980,Sports/Games,441710
1990,Sports/Games,539665
2000,Sports/Games,528394
2010,Sports/Games,511077
2020,Sports/Games,491465
-3500,Discovery/Science,
-3490,Discovery/Science,
-3480,Discovery/Science,
-3470,Discovery/Science,
-3460,Discovery/Science,
-3450,Discovery/Science,
-3440,Discovery/Science,
-3430,Discovery/Science,
-3420,Discovery/Science,
-3410,Discovery/Science,
-3400,Discovery/Science,
-3390,Discovery/Science,
-3380,Discovery/Science,
-3370,Discovery/Science,
-3360,Discovery/Science,
-3350,Discovery/Science,1
-3340,Discovery/Science,1
-3330,Discovery/Science,1
-3320,Discovery/Science,1
-3310,Discovery/Science,1
-3300,Discovery/Science,1
-3290,Discovery/Science,1
-3280,Discovery/Science,1
-3270,Discovery/Science,1
-3260,Discovery/Science,1
-3250,Discovery/Science,
-3240,Discovery/Science,
-3230,Discovery/Science,
-3220,Discovery/Science,
-3210,Discovery/Science,
-3200,Discovery/Science,
-3190,Discovery/Science,
-3180,Discovery/Science,
-3170,Discovery/Science,
-3160,Discovery/Science,
-3150,Discovery/Science,
-3140,Discovery/Science,
-3130,Discovery/Science,
-3120,Discovery/Science,
-3110,Discovery/Science,
-3100,Discovery/Science,
-3090,Discovery/Science,
-3080,Discovery/Science,
-3070,Discovery/Science,
-3060,Discovery/Science,
-3050,Discovery/Science,
-3040,Discovery/Science,
-3030,Discovery/Science,
-3020,Discovery/Science,
-3010,Discovery/Science,
-3000,Discovery/Science,
-2990,Discovery/Science,
-2980,Discovery/Science,
-2970,Discovery/Science,
-2960,Discovery/Science,
-2950,Discovery/Science,
-2940,Discovery/Science,
-2930,Discovery/Science,
-2920,Discovery/Science,
-2910,Discovery/Science,
-2900,Discovery/Science,
-2890,Discovery/Science,
-2880,Discovery/Science,
-2870,Discovery/Science,
-2860,Discovery/Science,
-2850,Discovery/Science,
-2840,Discovery/Science,
-2830,Discovery/Science,
-2820,Discovery/Science,
-2810,Discovery/Science,
-2800,Discovery/Science,
-2790,Discovery/Science,
-2780,Discovery/Science,
-2770,Discovery/Science,
-2760,Discovery/Science,
-2750,Discovery/Science,
-2740,Discovery/Science,
-2730,Discovery/Science,
-2720,Discovery/Science,
-2710,Discovery/Science,
-2700,Discovery/Science,1
-2690,Discovery/Science,1
-2680,Discovery/Science,1
-2670,Discovery/Science,1
-2660,Discovery/Science,1
-2650,Discovery/Science,1
-2640,Discovery/Science,1
-2630,Discovery/Science,1
-2620,Discovery/Science,1
-2610,Discovery/Science,1
-2600,Discovery/Science,1
-2590,Discovery/Science,1
-2580,Discovery/Science,1
-2570,Discovery/Science,1
-2560,Discovery/Science,1
-2550,Discovery/Science,1
-2540,Discovery/Science,1
-2530,Discovery/Science,1
-2520,Discovery/Science,1
-2510,Discovery/Science,1
-2500,Discovery/Science,1
-2490,Discovery/Science,1
-2480,Discovery/Science,1
-2470,Discovery/Science,1
-2460,Discovery/Science,1
-2450,Discovery/Science,1
-2440,Discovery/Science,1
-2430,Discovery/Science,1
-2420,Discovery/Science,1
-2410,Discovery/Science,1
-2400,Discovery/Science,1
-2390,Discovery/Science,1
-2380,Discovery/Science,1
-2370,Discovery/Science,1
-2360,Discovery/Science,1
-2350,Discovery/Science,1
-2340,Discovery/Science,1
-2330,Discovery/Science,1
-2320,Discovery/Science,1
-2310,Discovery/Science,1
-2300,Discovery/Science,1
-2290,Discovery/Science,1
-2280,Discovery/Science,1
-2270,Discovery/Science,1
-2260,Discovery/Science,1
-2250,Discovery/Science,1
-2240,Discovery/Science,1
-2230,Discovery/Science,1
-2220,Discovery/Science,1
-2210,Discovery/Science,1
-2200,Discovery/Science,1
-2190,Discovery/Science,1
-2180,Discovery/Science,1
-2170,Discovery/Science,1
-2160,Discovery/Science,1
-2150,Discovery/Science,1
-2140,Discovery/Science,1
-2130,Discovery/Science,1
-2120,Discovery/Science,1
-2110,Discovery/Science,1
-2100,Discovery/Science,1
-2090,Discovery/Science,1
-2080,Discovery/Science,1
-2070,Discovery/Science,1
-2060,Discovery/Science,1
-2050,Discovery/Science,1
-2040,Discovery/Science,1
-2030,Discovery/Science,1
-2020,Discovery/Science,1
-2010,Discovery/Science,1
-2000,Discovery/Science,1
-1990,Discovery/Science,1
-1980,Discovery/Science,1
-1970,Discovery/Science,1
-1960,Discovery/Science,1
-1950,Discovery/Science,1
-1940,Discovery/Science,1
-1930,Discovery/Science,1
-1920,Discovery/Science,1
-1910,Discovery/Science,1
-1900,Discovery/Science,1
-1890,Discovery/Science,1
-1880,Discovery/Science,1
-1870,Discovery/Science,1
-1860,Discovery/Science,1
-1850,Discovery/Science,1
-1840,Discovery/Science,1
-1830,Discovery/Science,1
-1820,Discovery/Science,1
-1810,Discovery/Science,1
-1800,Discovery/Science,1
-1790,Discovery/Science,1
-1780,Discovery/Science,1
-1770,Discovery/Science,1
-1760,Discovery/Science,1
-1750,Discovery/Science,1
-1740,Discovery/Science,1
-1730,Discovery/Science,1
-1720,Discovery/Science,1
-1710,Discovery/Science,1
-1700,Discovery/Science,1
-1690,Discovery/Science,1
-1680,Discovery/Science,2
-1670,Discovery/Science,2
-1660,Discovery/Science,2
-1650,Discovery/Science,2
-1640,Discovery/Science,2
-1630,Discovery/Science,2
-1620,Discovery/Science,2
-1610,Discovery/Science,1
-1600,Discovery/Science,1
-1590,Discovery/Science,1
-1580,Discovery/Science,1
-1570,Discovery/Science,1
-1560,Discovery/Science,1
-1550,Discovery/Science,1
-1540,Discovery/Science,1
-1530,Discovery/Science,1
-1520,Discovery/Science,1
-1510,Discovery/Science,1
-1500,Discovery/Science,1
-1490,Discovery/Science,1
-1480,Discovery/Science,1
-1470,Discovery/Science,1
-1460,Discovery/Science,1
-1450,Discovery/Science,1
-1440,Discovery/Science,1
-1430,Discovery/Science,1
-1420,Discovery/Science,1
-1410,Discovery/Science,1
-1400,Discovery/Science,1
-1390,Discovery/Science,1
-1380,Discovery/Science,1
-1370,Discovery/Science,1
-1360,Discovery/Science,1
-1350,Discovery/Science,1
-1340,Discovery/Science,1
-1330,Discovery/Science,1
-1320,Discovery/Science,1
-1310,Discovery/Science,1
-1300,Discovery/Science,1
-1290,Discovery/Science,1
-1280,Discovery/Science,1
-1270,Discovery/Science,1
-1260,Discovery/Science,1
-1250,Discovery/Science,1
-1240,Discovery/Science,1
-1230,Discovery/Science,1
-1220,Discovery/Science,1
-1210,Discovery/Science,1
-1200,Discovery/Science,1
-1190,Discovery/Science,1
-1180,Discovery/Science,1
-1170,Discovery/Science,1
-1160,Discovery/Science,1
-1150,Discovery/Science,1
-1140,Discovery/Science,1
-1130,Discovery/Science,1
-1120,Discovery/Science,1
-1110,Discovery/Science,1
-1100,Discovery/Science,1
-1090,Discovery/Science,1
-1080,Discovery/Science,1
-1070,Discovery/Science,1
-1060,Discovery/Science,1
-1050,Discovery/Science,1
-1040,Discovery/Science,1
-1030,Discovery/Science,1
-1020,Discovery/Science,1
-1010,Discovery/Science,1
-1000,Discovery/Science,1
-990,Discovery/Science,1
-980,Discovery/Science,1
-970,Discovery/Science,1
-960,Discovery/Science,1
-950,Discovery/Science,1
-940,Discovery/Science,1
-930,Discovery/Science,1
-920,Discovery/Science,1
-910,Discovery/Science,1
-900,Discovery/Science,1
-890,Discovery/Science,1
-880,Discovery/Science,1
-870,Discovery/Science,1
-860,Discovery/Science,1
-850,Discovery/Science,1
-840,Discovery/Science,1
-830,Discovery/Science,1
-820,Discovery/Science,1
-810,Discovery/Science,1
-800,Discovery/Science,1
-790,Discovery/Science,1
-780,Discovery/Science,1
-770,Discovery/Science,1
-760,Discovery/Science,1
-750,Discovery/Science,1
-740,Discovery/Science,1
-730,Discovery/Science,1
-720,Discovery/Science,1
-710,Discovery/Science,1
-700,Discovery/Science,2
-690,Discovery/Science,2
-680,Discovery/Science,2
-670,Discovery/Science,2
-660,Discovery/Science,2
-650,Discovery/Science,3
-640,Discovery/Science,3
-630,Discovery/Science,4
-620,Discovery/Science,4
-610,Discovery/Science,5
-600,Discovery/Science,10
-590,Discovery/Science,10
-580,Discovery/Science,11
-570,Discovery/Science,13
-560,Discovery/Science,14
-550,Discovery/Science,17
-540,Discovery/Science,17
-530,Discovery/Science,19
-520,Discovery/Science,19
-510,Discovery/Science,22
-500,Discovery/Science,25
-490,Discovery/Science,36
-480,Discovery/Science,36
-470,Discovery/Science,39
-460,Discovery/Science,44
-450,Discovery/Science,45
-440,Discovery/Science,51
-430,Discovery/Science,53
-420,Discovery/Science,48
-410,Discovery/Science,49
-400,Discovery/Science,64
-390,Discovery/Science,60
-380,Discovery/Science,66
-370,Discovery/Science,71
-360,Discovery/Science,73
-350,Discovery/Science,74
-340,Discovery/Science,79
-330,Discovery/Science,82
-320,Discovery/Science,81
-310,Discovery/Science,78
-300,Discovery/Science,85
-290,Discovery/Science,82
-280,Discovery/Science,77
-270,Discovery/Science,72
-260,Discovery/Science,72
-250,Discovery/Science,69
-240,Discovery/Science,64
-230,Discovery/Science,59
-220,Discovery/Science,56
-210,Discovery/Science,56
-200,Discovery/Science,63
-190,Discovery/Science,67
-180,Discovery/Science,68
-170,Discovery/Science,69
-160,Discovery/Science,72
-150,Discovery/Science,77
-140,Discovery/Science,76
-130,Discovery/Science,79
-120,Discovery/Science,82
-110,Discovery/Science,78
-100,Discovery/Science,77
-90,Discovery/Science,78
-80,Discovery/Science,76
-70,Discovery/Science,78
-60,Discovery/Science,75
-50,Discovery/Science,77
-40,Discovery/Science,76
-30,Discovery/Science,77
-20,Discovery/Science,78
-10,Discovery/Science,80
0,Discovery/Science,79
10,Discovery/Science,81
20,Discovery/Science,85
30,Discovery/Science,92
40,Discovery/Science,93
50,Discovery/Science,101
60,Discovery/Science,100
70,Discovery/Science,104
80,Discovery/Science,105
90,Discovery/Science,109
100,Discovery/Science,114
110,Discovery/Science,113
120,Discovery/Science,117
130,Discovery/Science,116
140,Discovery/Science,115
150,Discovery/Science,117
160,Discovery/Science,118
170,Discovery/Science,116
180,Discovery/Science,116
190,Discovery/Science,115
200,Discovery/Science,120
210,Discovery/Science,121
220,Discovery/Science,122
230,Discovery/Science,122
240,Discovery/Science,124
250,Discovery/Science,123
260,Discovery/Science,115
270,Discovery/Science,116
280,Discovery/Science,113
290,Discovery/Science,115
300,Discovery/Science,123
310,Discovery/Science,128
320,Discovery/Science,130
330,Discovery/Science,136
340,Discovery/Science,138
350,Discovery/Science,143
360,Discovery/Science,143
370,Discovery/Science,139
380,Discovery/Science,138
390,Discovery/Science,134
400,Discovery/Science,133
410,Discovery/Science,133
420,Discovery/Science,133
430,Discovery/Science,129
440,Discovery/Science,127
450,Discovery/Science,126
460,Discovery/Science,126
470,Discovery/Science,130
480,Discovery/Science,134
490,Discovery/Science,137
500,Discovery/Science,140
510,Discovery/Science,141
520,Discovery/Science,143
530,Discovery/Science,139
540,Discovery/Science,134
550,Discovery/Science,135
560,Discovery/Science,132
570,Discovery/Science,131
580,Discovery/Science,130
590,Discovery/Science,132
600,Discovery/Science,136
610,Discovery/Science,142
620,Discovery/Science,145
630,Discovery/Science,145
640,Discovery/Science,147
650,Discovery/Science,143
660,Discovery/Science,144
670,Discovery/Science,146
680,Discovery/Science,148
690,Discovery/Science,147
700,Discovery/Science,151
710,Discovery/Science,152
720,Discovery/Science,154
730,Discovery/Science,154
740,Discovery/Science,158
750,Discovery/Science,159
760,Discovery/Science,162
770,Discovery/Science,163
780,Discovery/Science,168
790,Discovery/Science,172
800,Discovery/Science,180
810,Discovery/Science,180
820,Discovery/Science,185
830,Discovery/Science,189
840,Discovery/Science,191
850,Discovery/Science,196
860,Discovery/Science,194
870,Discovery/Science,194
880,Discovery/Science,202
890,Discovery/Science,207
900,Discovery/Science,212
910,Discovery/Science,218
920,Discovery/Science,211
930,Discovery/Science,217
940,Discovery/Science,227
950,Discovery/Science,229
960,Discovery/Science,225
970,Discovery/Science,230
980,Discovery/Science,238
990,Discovery/Science,245
1000,Discovery/Science,249
1010,Discovery/Science,257
1020,Discovery/Science,257
1030,Discovery/Science,252
1040,Discovery/Science,253
1050,Discovery/Science,267
1060,Discovery/Science,263
1070,Discovery/Science,268
1080,Discovery/Science,268
1090,Discovery/Science,257
1100,Discovery/Science,269
1110,Discovery/Science,283
1120,Discovery/Science,288
1130,Discovery/Science,290
1140,Discovery/Science,286
1150,Discovery/Science,288
1160,Discovery/Science,293
1170,Discovery/Science,299
1180,Discovery/Science,296
1190,Discovery/Science,303
1200,Discovery/Science,322
1210,Discovery/Science,325
1220,Discovery/Science,335
1230,Discovery/Science,351
1240,Discovery/Science,356
1250,Discovery/Science,362
1260,Discovery/Science,368
1270,Discovery/Science,377
1280,Discovery/Science,378
1290,Discovery/Science,380
1300,Discovery/Science,390
1310,Discovery/Science,389
1320,Discovery/Science,397
1330,Discovery/Science,379
1340,Discovery/Science,388
1350,Discovery/Science,386
1360,Discovery/Science,410
1370,Discovery/Science,428
1380,Discovery/Science,448
1390,Discovery/Science,473
1400,Discovery/Science,515
1410,Discovery/Science,554
1420,Discovery/Science,586
1430,Discovery/Science,626
1440,Discovery/Science,676
1450,Discovery/Science,777
1460,Discovery/Science,907
1470,Discovery/Science,1039
1480,Discovery/Science,1242
1490,Discovery/Science,1505
1500,Discovery/Science,1778
1510,Discovery/Science,2035
1520,Discovery/Science,2327
1530,Discovery/Science,2551
1540,Discovery/Science,2789
1550,Discovery/Science,2895
1560,Discovery/Science,3015
1570,Discovery/Science,3181
1580,Discovery/Science,3309
1590,Discovery/Science,3417
1600,Discovery/Science,3612
1610,Discovery/Science,3693
1620,Discovery/Science,3768
1630,Discovery/Science,3822
1640,Discovery/Science,3953
1650,Discovery/Science,4135
1660,Discovery/Science,4175
1670,Discovery/Science,4292
1680,Discovery/Science,4354
1690,Discovery/Science,4461
1700,Discovery/Science,4738
1710,Discovery/Science,5042
1720,Discovery/Science,5510
1730,Discovery/Science,6119
1740,Discovery/Science,6876
1750,Discovery/Science,7728
1760,Discovery/Science,8678
1770,Discovery/Science,9923
1780,Discovery/Science,11096
1790,Discovery/Science,12986
1800,Discovery/Science,15533
1810,Discovery/Science,18524
1820,Discovery/Science,21605
1830,Discovery/Science,25284
1840,Discovery/Science,29687
1850,Discovery/Science,35247
1860,Discovery/Science,41795
1870,Discovery/Science,48815
1880,Discovery/Science,56258
1890,Discovery/Science,63210
1900,Discovery/Science,72946
1910,Discovery/Science,82269
1920,Discovery/Science,96683
1930,Discovery/Science,113224
1940,Discovery/Science,134863
1950,Discovery/Science,150673
1960,Discovery/Science,159903
1970,Discovery/Science,158290
1980,Discovery/Science,150069
1990,Discovery/Science,139886
2000,Discovery/Science,127659
2010,Discovery/Science,111677
2020,Discovery/Science,94140
-3500,Missing,
-3490,Missing,
-3480,Missing,
-3470,Missing,
-3460,Missing,
-3450,Missing,
-3440,Missing,
-3430,Missing,
-3420,Missing,
-3410,Missing,
-3400,Missing,
-3390,Missing,
-3380,Missing,
-3370,Missing,
-3360,Missing,
-3350,Missing,
-3340,Missing,
-3330,Missing,
-3320,Missing,
-3310,Missing,
-3300,Missing,
-3290,Missing,
-3280,Missing,
-3270,Missing,
-3260,Missing,
-3250,Missing,
-3240,Missing,
-3230,Missing,
-3220,Missing,
-3210,Missing,
-3200,Missing,
-3190,Missing,
-3180,Missing,
-3170,Missing,
-3160,Missing,
-3150,Missing,
-3140,Missing,
-3130,Missing,
-3120,Missing,
-3110,Missing,
-3100,Missing,
-3090,Missing,
-3080,Missing,
-3070,Missing,
-3060,Missing,
-3050,Missing,
-3040,Missing,
-3030,Missing,
-3020,Missing,
-3010,Missing,
-3000,Missing,
-2990,Missing,
-2980,Missing,
-2970,Missing,
-2960,Missing,
-2950,Missing,
-2940,Missing,
-2930,Missing,
-2920,Missing,
-2910,Missing,
-2900,Missing,
-2890,Missing,
-2880,Missing,
-2870,Missing,
-2860,Missing,
-2850,Missing,
-2840,Missing,
-2830,Missing,
-2820,Missing,
-2810,Missing,
-2800,Missing,
-2790,Missing,
-2780,Missing,
-2770,Missing,
-2760,Missing,
-2750,Missing,
-2740,Missing,
-2730,Missing,
-2720,Missing,
-2710,Missing,
-2700,Missing,
-2690,Missing,
-2680,Missing,
-2670,Missing,
-2660,Missing,
-2650,Missing,
-2640,Missing,
-2630,Missing,
-2620,Missing,
-2610,Missing,
-2600,Missing,
-2590,Missing,
-2580,Missing,
-2570,Missing,
-2560,Missing,
-2550,Missing,
-2540,Missing,
-2530,Missing,
-2520,Missing,
-2510,Missing,
-2500,Missing,
-2490,Missing,
-2480,Missing,
-2470,Missing,
-2460,Missing,
-2450,Missing,
-2440,Missing,
-2430,Missing,
-2420,Missing,
-2410,Missing,
-2400,Missing,
-2390,Missing,
-2380,Missing,
-2370,Missing,
-2360,Missing,
-2350,Missing,
-2340,Missing,
-2330,Missing,
-2320,Missing,
-2310,Missing,
-2300,Missing,
-2290,Missing,
-2280,Missing,
-2270,Missing,
-2260,Missing,
-2250,Missing,
-2240,Missing,
-2230,Missing,
-2220,Missing,
-2210,Missing,
-2200,Missing,
-2190,Missing,
-2180,Missing,
-2170,Missing,
-2160,Missing,
-2150,Missing,
-2140,Missing,
-2130,Missing,
-2120,Missing,
-2110,Missing,
-2100,Missing,
-2090,Missing,
-2080,Missing,
-2070,Missing,
-2060,Missing,
-2050,Missing,
-2040,Missing,
-2030,Missing,
-2020,Missing,
-2010,Missing,
-2000,Missing,
-1990,Missing,
-1980,Missing,
-1970,Missing,
-1960,Missing,
-1950,Missing,
-1940,Missing,
-1930,Missing,
-1920,Missing,
-1910,Missing,
-1900,Missing,
-1890,Missing,
-1880,Missing,
-1870,Missing,
-1860,Missing,
-1850,Missing,
-1840,Missing,
-1830,Missing,
-1820,Missing,
-1810,Missing,
-1800,Missing,
-1790,Missing,
-1780,Missing,
-1770,Missing,
-1760,Missing,
-1750,Missing,
-1740,Missing,
-1730,Missing,
-1720,Missing,
-1710,Missing,
-1700,Missing,
-1690,Missing,
-1680,Missing,
-1670,Missing,
-1660,Missing,
-1650,Missing,
-1640,Missing,
-1630,Missing,
-1620,Missing,
-1610,Missing,
-1600,Missing,
-1590,Missing,
-1580,Missing,
-1570,Missing,
-1560,Missing,
-1550,Missing,
-1540,Missing,
-1530,Missing,
-1520,Missing,
-1510,Missing,
-1500,Missing,
-1490,Missing,
-1480,Missing,
-1470,Missing,
-1460,Missing,
-1450,Missing,
-1440,Missing,
-1430,Missing,
-1420,Missing,
-1410,Missing,
-1400,Missing,
-1390,Missing,
-1380,Missing,
-1370,Missing,
-1360,Missing,
-1350,Missing,
-1340,Missing,
-1330,Missing,
-1320,Missing,
-1310,Missing,
-1300,Missing,
-1290,Missing,
-1280,Missing,
-1270,Missing,
-1260,Missing,
-1250,Missing,
-1240,Missing,
-1230,Missing,
-1220,Missing,
-1210,Missing,
-1200,Missing,
-1190,Missing,
-1180,Missing,
-1170,Missing,
-1160,Missing,
-1150,Missing,
-1140,Missing,
-1130,Missing,
-1120,Missing,
-1110,Missing,
-1100,Missing,
-1090,Missing,
-1080,Missing,
-1070,Missing,
-1060,Missing,
-1050,Missing,
-1040,Missing,
-1030,Missing,
-1020,Missing,
-1010,Missing,
-1000,Missing,
-990,Missing,
-980,Missing,
-970,Missing,
-960,Missing,
-950,Missing,
-940,Missing,
-930,Missing,
-920,Missing,
-910,Missing,
-900,Missing,
-890,Missing,
-880,Missing,
-870,Missing,
-860,Missing,
-850,Missing,
-840,Missing,
-830,Missing,
-820,Missing,
-810,Missing,
-800,Missing,
-790,Missing,
-780,Missing,
-770,Missing,
-760,Missing,
-750,Missing,
-740,Missing,
-730,Missing,
-720,Missing,
-710,Missing,
-700,Missing,
-690,Missing,
-680,Missing,
-670,Missing,
-660,Missing,
-650,Missing,
-640,Missing,
-630,Missing,
-620,Missing,
-610,Missing,
-600,Missing,
-590,Missing,
-580,Missing,
-570,Missing,
-560,Missing,
-550,Missing,
-540,Missing,
-530,Missing,
-520,Missing,
-510,Missing,
-500,Missing,
-490,Missing,
-480,Missing,
-470,Missing,
-460,Missing,
-450,Missing,
-440,Missing,
-430,Missing,
-420,Missing,
-410,Missing,
-400,Missing,
-390,Missing,
-380,Missing,
-370,Missing,
-360,Missing,
-350,Missing,
-340,Missing,
-330,Missing,
-320,Missing,
-310,Missing,
-300,Missing,
-290,Missing,
-280,Missing,
-270,Missing,
-260,Missing,
-250,Missing,
-240,Missing,
-230,Missing,
-220,Missing,
-210,Missing,
-200,Missing,
-190,Missing,
-180,Missing,
-170,Missing,
-160,Missing,
-150,Missing,
-140,Missing,
-130,Missing,
-120,Missing,
-110,Missing,
-100,Missing,
-90,Missing,
-80,Missing,
-70,Missing,
-60,Missing,
-50,Missing,
-40,Missing,
-30,Missing,
-20,Missing,
-10,Missing,1
0,Missing,2
10,Missing,2
20,Missing,2
30,Missing,3
40,Missing,2
50,Missing,2
60,Missing,2
70,Missing,2
80,Missing,2
90,Missing,2
100,Missing,2
110,Missing,2
120,Missing,3
130,Missing,3
140,Missing,3
150,Missing,4
160,Missing,5
170,Missing,5
180,Missing,5
190,Missing,5
200,Missing,6
210,Missing,7
220,Missing,7
230,Missing,6
240,Missing,7
250,Missing,6
260,Missing,4
270,Missing,4
280,Missing,7
290,Missing,8
300,Missing,9
310,Missing,7
320,Missing,7
330,Missing,9
340,Missing,9
350,Missing,9
360,Missing,8
370,Missing,8
380,Missing,7
390,Missing,7
400,Missing,8
410,Missing,7
420,Missing,8
430,Missing,9
440,Missing,9
450,Missing,9
460,Missing,9
470,Missing,9
480,Missing,11
490,Missing,11
500,Missing,10
510,Missing,10
520,Missing,10
530,Missing,10
540,Missing,9
550,Missing,11
560,Missing,11
570,Missing,10
580,Missing,10
590,Missing,11
600,Missing,13
610,Missing,13
620,Missing,14
630,Missing,13
640,Missing,15
650,Missing,14
660,Missing,14
670,Missing,14
680,Missing,16
690,Missing,17
700,Missing,17
710,Missing,17
720,Missing,17
730,Missing,18
740,Missing,19
750,Missing,19
760,Missing,19
770,Missing,19
780,Missing,19
790,Missing,18
800,Missing,18
810,Missing,17
820,Missing,17
830,Missing,16
840,Missing,16
850,Missing,18
860,Missing,23
870,Missing,24
880,Missing,28
890,Missing,30
900,Missing,33
910,Missing,32
920,Missing,34
930,Missing,31
940,Missing,29
950,Missing,25
960,Missing,24
970,Missing,21
980,Missing,21
990,Missing,21
1000,Missing,23
1010,Missing,25
1020,Missing,26
1030,Missing,28
1040,Missing,28
1050,Missing,30
1060,Missing,31
1070,Missing,35
1080,Missing,35
1090,Missing,35
1100,Missing,36
1110,Missing,34
1120,Missing,40
1130,Missing,41
1140,Missing,41
1150,Missing,44
1160,Missing,44
1170,Missing,48
1180,Missing,50
1190,Missing,53
1200,Missing,62
1210,Missing,71
1220,Missing,72
1230,Missing,77
1240,Missing,84
1250,Missing,90
1260,Missing,92
1270,Missing,87
1280,Missing,87
1290,Missing,94
1300,Missing,92
1310,Missing,92
1320,Missing,91
1330,Missing,85
1340,Missing,86
1350,Missing,84
1360,Missing,85
1370,Missing,92
1380,Missing,99
1390,Missing,103
1400,Missing,121
1410,Missing,130
1420,Missing,141
1430,Missing,148
1440,Missing,158
1450,Missing,157
1460,Missing,169
1470,Missing,166
1480,Missing,179
1490,Missing,178
1500,Missing,199
1510,Missing,224
1520,Missing,242
1530,Missing,253
1540,Missing,267
1550,Missing,289
1560,Missing,319
1570,Missing,329
1580,Missing,358
1590,Missing,374
1600,Missing,405
1610,Missing,445
1620,Missing,470
1630,Missing,481
1640,Missing,472
1650,Missing,493
1660,Missing,510
1670,Missing,529
1680,Missing,536
1690,Missing,521
1700,Missing,566
1710,Missing,575
1720,Missing,632
1730,Missing,685
1740,Missing,736
1750,Missing,793
1760,Missing,877
1770,Missing,955
1780,Missing,1017
1790,Missing,1113
1800,Missing,1196
1810,Missing,1293
1820,Missing,1435
1830,Missing,1560
1840,Missing,1679
1850,Missing,1777
1860,Missing,1883
1870,Missing,1983
1880,Missing,2145
1890,Missing,2344
1900,Missing,2550
1910,Missing,2755
1920,Missing,2962
1930,Missing,3110
1940,Missing,3337
1950,Missing,3441
1960,Missing,3629
1970,Missing,3672
1980,Missing,3705
1990,Missing,3554
2000,Missing,3246
2010,Missing,2819
2020,Missing,2421
